time_s,x,y,z,qx,qy,qz,qw,target_fz
0.0,0.0,0.0,0.0,0.0,0.0,0.0,1.0,-4.76112699508667
0.066591,-0.000004898,0.000674082,0.000445795,-0.004889056072,-0.001926689591,0.003590298046,0.999979747174,-4.461061
0.133162,0.000076753,0.000948631,0.000941097,-0.000354604337,-0.002228754354,0.003688381727,0.999990651331,-4.213594
0.199981,0.000516077,-0.001646920,0.001086779,-0.002810641883,-0.002730798896,-0.005916921304,0.999974816219,-4.439787
0.233390,0.000470081,-0.001120994,0.001229500,-0.005756827217,-0.003774472142,-0.003239999015,0.999971056935,-4.655410
0.300076,0.000128990,0.000412554,0.000914407,0.003075645325,-0.001345892374,0.000563175422,0.999994205890,-4.834797
0.367104,0.000121102,0.000401069,0.000912277,0.007396148145,-0.000691805276,-0.000407952088,0.999972325604,-4.677684
0.400421,0.000162337,0.000225994,0.000860240,0.002526849367,-0.001423342954,0.000230806370,0.999995767919,-5.529489
0.466902,-0.000069759,0.001763233,0.001178933,0.001747474391,-0.002472022149,0.005815958939,0.999978504800,-4.790591
0.534361,0.000033294,0.001424882,0.001320744,0.003263115887,-0.002275836195,0.004313203275,0.999982784313,-5.182354
0.668786,0.000254782,-0.000186047,0.001219901,-0.004989316285,-0.003555252167,-0.000385572322,0.999981158942,-5.351119
0.767012,0.000358032,-0.000865679,0.001352269,-0.002114374775,-0.003137239473,-0.004111067567,0.999984393014,-4.582859
0.800529,-0.000160061,0.002371173,0.001398936,0.009354008912,-0.001411470719,0.006431641527,0.999934569987,-5.337841
0.867101,0.000122574,0.000594642,0.001462297,0.006217259071,-0.002113175435,-0.000348672100,0.999978379070,-5.262083
0.933978,0.000286081,-0.000356627,0.001517403,-0.005684952444,-0.004485689743,-0.001582871654,0.999972526833,-5.127682
0.967414,0.000187647,-0.000345607,0.001214789,-0.001546621302,-0.002890972366,-0.003014927160,0.999990080179,-6.078072
1.034049,0.000175102,-0.000612610,0.000983453,-0.009854484313,-0.004005160578,-0.002401604539,0.999940538294,-5.672386
1.100694,-0.000139064,0.001213646,0.000919242,-0.001028827978,-0.002175471576,0.002965172099,0.999992708269,-6.354849
1.167631,0.000142464,0.000420155,0.001555668,-0.000292927758,-0.003482920177,-0.000732414261,0.999993623495,-6.048206
1.234035,0.000361948,-0.000930753,0.001437106,0.005135236615,-0.001917942526,-0.006923555410,0.999961006851,-5.350380
1.300920,0.000475441,-0.000788933,0.001871151,-0.008728967744,-0.005280791615,-0.004051661696,0.999939749385,-6.291268
1.334186,0.000171286,0.001753311,0.001870827,0.013265142628,-0.000945676801,0.001318203672,0.999910698025,-7.072972
1.400924,0.001296352,-0.002436279,0.002131418,0.019615132598,0.000275501098,-0.014192822720,0.999706824252,-6.491971
1.467527,0.002465654,-0.005130715,0.003094041,0.033296153789,0.001730791499,-0.023307991208,0.999172211408,-3.572657
1.501103,0.002916620,-0.005845447,0.003697706,0.051335531411,0.004428738289,-0.028371429168,0.998268556802,-2.605913
1.567859,0.004031066,-0.007418118,0.005157087,0.078082246965,0.008393296333,-0.035169052262,0.996291048363,-3.278853
1.634296,0.004707665,-0.010040731,0.005528101,0.112998585639,0.015616176239,-0.052052280334,0.992107864496,-1.311611
1.667652,0.004973638,-0.010562418,0.005911469,0.126626024055,0.018052750421,-0.055660719109,0.990223122626,-1.061119
1.734698,0.005253355,-0.011009881,0.006288319,0.157948360832,0.024662937003,-0.063151799412,0.985117203727,-1.534127
1.801126,0.005457917,-0.011674294,0.006634800,0.187166422776,0.030160239000,-0.070667399783,0.979318747281,-1.219751
1.867764,0.005695214,-0.011621276,0.007855638,0.226078058720,0.035955513803,-0.076764935994,0.970413858616,-2.608302
1.934575,0.005932272,-0.010984728,0.010215552,0.264919810979,0.039321586079,-0.082030238616,0.959969971703,-1.799869
1.968185,0.006287838,-0.010995706,0.011829358,0.283190689864,0.039665362043,-0.082226809877,0.954708564938,-4.679464
2.034818,0.006502492,-0.010542454,0.014441164,0.316386187501,0.041084641229,-0.084478253035,0.943967826453,-3.479523
2.101570,0.006602141,-0.009764001,0.017389720,0.343187285519,0.039756525387,-0.085392606179,0.934531972999,-3.574536
2.168132,0.006635562,-0.008992034,0.019564889,0.369103247115,0.040677237448,-0.085217960146,0.924578852555,-4.998872
2.201479,0.006728392,-0.008876711,0.020631811,0.380616116209,0.040446955088,-0.085156413423,0.919915105409,-3.643538
2.268166,0.006818429,-0.009357634,0.022387665,0.404373139591,0.040274688136,-0.087656507035,0.909492523470,-4.231931
2.301576,0.006899980,-0.009432606,0.023592502,0.416459054717,0.039559917357,-0.087140247140,0.904103669947,-4.764234
2.368147,0.006966634,-0.009923939,0.025601274,0.438633628887,0.037899557979,-0.087729246390,0.893570222446,-6.348568
2.434844,0.006832008,-0.009869969,0.027429699,0.455975555770,0.034939886051,-0.086018395184,0.885136335596,-6.482741
2.468138,0.006771750,-0.010261009,0.027904942,0.462239794704,0.033701724776,-0.085491780666,0.881980567461,-5.146210
2.534913,0.006453061,-0.010167980,0.028383529,0.471903629509,0.032642648066,-0.083115346871,0.877116446715,-4.465729
2.601660,0.006309390,-0.010558404,0.028633165,0.479340034221,0.031867284397,-0.081852538565,0.873222634675,-4.131428
2.635207,0.006287667,-0.010853382,0.028953840,0.482693653796,0.030956393171,-0.081121318740,0.871474537754,-4.768970
2.701929,0.006444967,-0.012397801,0.029595999,0.488879153289,0.028423111888,-0.082129862646,0.868011512511,-4.841283
2.768445,0.006526342,-0.013172486,0.029941622,0.492703988869,0.027125063394,-0.082101908133,0.865890458990,-4.850845
2.834985,0.006577624,-0.014428117,0.029339964,0.495331403004,0.027091134484,-0.084446508166,0.864165296046,-4.300628
2.868523,0.006703150,-0.015034544,0.029229254,0.497768185828,0.027027225985,-0.084561227775,0.862754751357,-1.080198
2.935134,0.006927882,-0.017188634,0.028399064,0.506885484294,0.027963478323,-0.089788858481,0.856868199074,-3.552310
3.002245,0.007434445,-0.020084037,0.028591418,0.521907844832,0.027805295814,-0.093165036726,0.847442825776,-4.781684
3.035129,0.007510155,-0.020986210,0.028647201,0.528313313220,0.027459375274,-0.094993781762,0.843271727980,-4.219246
3.101804,0.007588524,-0.022314675,0.029803440,0.543693929448,0.026131300896,-0.094455785164,0.833541943062,-1.297064
3.218169,0.007966123,-0.024334480,0.030318661,0.564371141473,0.027616738977,-0.098105061157,0.819205668545,0.963621
3.284971,0.008546695,-0.026661215,0.029944115,0.583530110946,0.030990411662,-0.105140099952,0.804660029693,0.744439
3.318260,0.008741744,-0.027921275,0.028744101,0.591794179570,0.034420338143,-0.110441074180,0.797745359424,-1.352830
3.385199,0.009212614,-0.030500535,0.026773838,0.606119668053,0.039053867287,-0.121105807828,0.785128732603,-4.192415
3.451741,0.009437685,-0.031790041,0.025484901,0.616960246740,0.042284976471,-0.127490157033,0.775447157817,-4.833515
3.618720,0.009326902,-0.031303704,0.023294152,0.616624876552,0.047405545097,-0.132588890998,0.774562238877,-4.453746
3.685463,0.009358445,-0.032016525,0.021213967,0.616331951400,0.050709863552,-0.139365931782,0.773395482584,-0.491828
3.752078,0.009406595,-0.033348098,0.019174091,0.614548740686,0.053571184943,-0.146851429611,0.773236465182,0.627832
3.818927,0.009402208,-0.033858187,0.018128113,0.615427318884,0.056377216263,-0.152337688253,0.771274304897,1.222035
3.852293,0.009501726,-0.034136786,0.017844696,0.616116184612,0.056728928349,-0.153706907563,0.770426415899,0.991088
3.918879,0.009375292,-0.033896899,0.016531568,0.616477365857,0.060824064825,-0.158018901755,0.768951310040,0.684207
3.985556,0.009238278,-0.033709757,0.015621697,0.616493671056,0.063179924540,-0.160888291744,0.768152854751,1.145274
4.052357,0.009029952,-0.032844796,0.015520168,0.616715879136,0.065740204519,-0.162748765367,0.767367310551,1.210643
4.118760,0.009089962,-0.032672218,0.016222196,0.616501647976,0.065023773172,-0.162776003401,0.767594684506,1.229664
4.185543,0.009250107,-0.032828926,0.016865875,0.615227321839,0.063776439287,-0.161638287932,0.768960969184,1.025062
4.252405,0.009122691,-0.032817880,0.016606883,0.614429763231,0.064967766114,-0.164220857468,0.768951731512,0.784552
4.285560,0.009195194,-0.032563929,0.016903380,0.615394041526,0.064718494009,-0.163425176804,0.768370940220,1.300688
4.352274,0.009133368,-0.032874081,0.016246934,0.614045742084,0.065893909770,-0.164946673079,0.769024326224,1.170397
4.419321,0.009164484,-0.032963849,0.016500704,0.614448534623,0.066544723604,-0.166179602422,0.768380854654,0.659212
4.452558,0.009336155,-0.033564145,0.016712408,0.613993941292,0.065038093739,-0.165726046952,0.768970977203,0.573736
4.519170,0.009283104,-0.033086337,0.017260657,0.614508816835,0.065731339548,-0.166204580342,0.768397255661,-0.090637
4.552820,0.009355379,-0.033248127,0.017196424,0.614491660347,0.065618277076,-0.165529789063,0.768566282119,0.261436
4.619445,0.009353047,-0.033141416,0.017151169,0.614084963662,0.066243049815,-0.165025631386,0.768946068812,0.776536
4.685847,0.009287413,-0.032672816,0.017904076,0.615881969468,0.066668464809,-0.165546904021,0.767358415640,0.657111
4.752651,0.009463047,-0.033172936,0.018538016,0.616606890595,0.064462806793,-0.164226534153,0.767248417718,0.369914
4.785943,0.009521299,-0.033116549,0.018544775,0.616403796427,0.064683799918,-0.163349025986,0.767580263873,0.058125
4.852597,0.009504916,-0.033157753,0.018633280,0.616791665606,0.064590934575,-0.163795661502,0.767181226102,-0.010197
4.886084,0.009473381,-0.033288419,0.018224899,0.615788118126,0.065133383920,-0.164798409956,0.767726591925,0.259784
4.952748,0.009457362,-0.033099341,0.018510449,0.614609773590,0.065051472825,-0.164444557378,0.768752963988,-0.158158
5.019649,0.009563325,-0.034015629,0.018462028,0.614374529785,0.064142057178,-0.166261184236,0.768626666379,-0.252476
5.086411,0.009642573,-0.034472307,0.018409442,0.611306706149,0.063614774419,-0.167329439070,0.770881398344,-0.547220
5.119676,0.009847127,-0.034751192,0.018387119,0.609508664673,0.063043540668,-0.165770551247,0.772686756718,-0.600558
5.186241,0.009824184,-0.034046432,0.018692508,0.608864441521,0.066053319024,-0.167187959089,0.772637843516,-1.429764
5.253239,0.009971733,-0.034754698,0.018697521,0.606587393574,0.067098499056,-0.170452168089,0.773624963257,-1.710681
5.286283,0.010230762,-0.035287807,0.019047577,0.604928529030,0.065711279278,-0.169595741357,0.775229506053,-1.994006
5.386332,0.010424891,-0.035071271,0.020149176,0.601736098466,0.064822449042,-0.168554806244,0.778010922285,-2.232166
5.453403,0.010580281,-0.035002716,0.020319636,0.600736946433,0.065228087268,-0.168097660676,0.778847606594,-2.204805
5.519796,0.010578358,-0.035305735,0.020030404,0.598736134730,0.066181439089,-0.171138957256,0.779645121448,-2.205208
5.586806,0.010758607,-0.036077929,0.019911431,0.595870507773,0.065535752290,-0.172076741191,0.781685997239,-2.237265
5.620165,0.010809256,-0.035594773,0.020280192,0.595651450318,0.066242644688,-0.171707643609,0.781874508399,-2.319515
5.686764,0.011001130,-0.035831881,0.020648934,0.593414224290,0.065378696121,-0.171297938604,0.783736052976,-2.392011
5.753690,0.011127022,-0.035759300,0.021001530,0.591637736815,0.065798090361,-0.171394074510,0.785021955683,-2.392467
5.787032,0.011181031,-0.035899767,0.021386344,0.590903657590,0.065415032983,-0.172660260435,0.785329341979,-2.395456
5.853714,0.011284292,-0.036417468,0.021202379,0.588466514945,0.066348317677,-0.174689754550,0.786631140488,-2.333567
5.920418,0.011538785,-0.036352318,0.022132246,0.586939502147,0.065656696829,-0.173825011437,0.788020357846,-2.360153
5.953551,0.011591339,-0.036947900,0.022035524,0.585573700933,0.065634547188,-0.176300782693,0.788488161618,-2.325552
6.020377,0.011850255,-0.037312058,0.022660679,0.583386537287,0.065019756719,-0.176643517509,0.790082050847,-2.377445
6.087066,0.012024235,-0.037996824,0.023498180,0.581518123509,0.063827552734,-0.178966228901,0.791033377586,-2.264536
6.120220,0.012268253,-0.038797200,0.023567229,0.580212955951,0.062878251643,-0.179347538789,0.791980878272,-2.209501
6.186917,0.012475119,-0.039212035,0.024656683,0.579151179890,0.061949338311,-0.181242574406,0.792399722071,-2.190370
6.253781,0.012735724,-0.039544952,0.025603035,0.576554511384,0.060976099009,-0.181693413036,0.794263378491,-1.617314
6.287068,0.012938337,-0.039621552,0.026391889,0.575208006726,0.059617854555,-0.180443851638,0.795626468151,-1.647523
6.353852,0.013126544,-0.040187573,0.027062474,0.572177706043,0.058643056213,-0.182088768188,0.797506956186,-1.620111
6.420861,0.013243912,-0.040448122,0.027558834,0.568776200050,0.058302486144,-0.183631480893,0.799608612755,-2.412696
6.487124,0.013236201,-0.039873251,0.027884950,0.565430391339,0.059279737887,-0.183851544136,0.801855968953,-2.189991
6.553924,0.013245570,-0.039575294,0.028080123,0.562088132898,0.059842251485,-0.185099262460,0.803874429764,-1.865988
6.620934,0.013350423,-0.039608158,0.028327331,0.560810147431,0.060599609617,-0.186061095172,0.804487995384,-2.176649
6.653896,0.013468573,-0.039261576,0.028621235,0.560327939086,0.061116781311,-0.185359589360,0.804946682926,-2.596487
6.720606,0.013520954,-0.038868695,0.029363621,0.559574687843,0.061412568355,-0.185877849639,0.805328560395,-2.572222
6.787320,0.013735263,-0.038140964,0.030481681,0.560128175143,0.061018882537,-0.183435807377,0.805533629314,-2.889107
6.820698,0.013740222,-0.037626584,0.031141926,0.559733693599,0.060899878792,-0.182877486729,0.805943684050,-2.815730
6.887439,0.013800283,-0.036788479,0.032205940,0.559383154170,0.060616999728,-0.181227789133,0.806580779972,-2.814144
6.920993,0.013910432,-0.036320338,0.032929646,0.560000649914,0.060096576139,-0.179448078150,0.806589152469,-3.100303
6.987683,0.014047546,-0.036277416,0.033632215,0.559233151807,0.059274126955,-0.178761245988,0.807334674547,-2.884293
7.054291,0.014077778,-0.036144561,0.034400647,0.558773160716,0.059052436658,-0.180099746870,0.807371937688,-3.004432
7.221302,0.014193643,-0.035920458,0.034922975,0.558054226530,0.059378317571,-0.180659453193,0.807720160468,-3.012732
7.287697,0.014335571,-0.035062369,0.035899528,0.557514289779,0.059374835693,-0.178430632254,0.808588248153,-2.988928
7.355273,0.014206121,-0.034091492,0.036707507,0.557129535413,0.060390170802,-0.178789075499,0.808699063016,-3.003189
7.421476,0.014156509,-0.032947165,0.037549330,0.555514404144,0.061061664940,-0.177512788372,0.810039770522,-3.245672
7.488129,0.014038351,-0.031907601,0.038281339,0.554848961886,0.062482870678,-0.177545076383,0.810380321959,-3.296375
7.521487,0.014046146,-0.031358397,0.038717193,0.555169194344,0.063085923618,-0.177195774671,0.810190711704,-3.191256
7.588023,0.014157322,-0.030962087,0.039699244,0.554817272010,0.062869116451,-0.177354883466,0.810413791952,-3.224980
7.654700,0.014141281,-0.030729149,0.040006821,0.553538179243,0.063952550418,-0.178799847200,0.810886040117,-3.401926
7.721480,0.014203376,-0.030217940,0.040572135,0.552759258315,0.064367572282,-0.178693846492,0.811407744116,-3.626932
7.754762,0.014096322,-0.029822853,0.040773023,0.551171327340,0.065034707235,-0.179348023029,0.812289936789,-4.007128
7.821556,0.014073802,-0.029158846,0.041292384,0.548687068224,0.065511990193,-0.178720815247,0.814069745478,-3.567826
7.888294,0.013980540,-0.028491984,0.041690832,0.548760017595,0.067423332858,-0.179950453881,0.813593492736,-3.861778
7.921624,0.014008625,-0.028249603,0.042090386,0.547706389645,0.067402378825,-0.179439316683,0.814417682580,-3.960522
7.988327,0.014072609,-0.027166845,0.043100783,0.546361355592,0.067555431132,-0.177224443801,0.815792270961,-3.740100
8.055255,0.013827202,-0.026846785,0.043087845,0.544485653533,0.069411188935,-0.179703506446,0.816348032225,-4.418964
8.088283,0.013888331,-0.026416198,0.043476644,0.543035819785,0.069270985809,-0.178296214094,0.817633224004,-3.990671
8.154997,0.013697696,-0.024859796,0.043979584,0.540538907804,0.070902251404,-0.175642852508,0.819719554640,-3.813626
8.255147,0.012807348,-0.021354280,0.042505623,0.532562896226,0.078795399125,-0.171154850078,0.825150934032,-3.930349
8.355152,0.011702742,-0.017761360,0.040537398,0.525599952693,0.088073342443,-0.168121724742,0.829290577391,-3.452821
8.455406,0.010987565,-0.016136819,0.039150437,0.520835476376,0.093982816185,-0.167874041035,0.831694621335,-3.415601
8.522890,0.010610583,-0.015011970,0.038737410,0.518107343417,0.097123596690,-0.167436333539,0.833124757689,-3.890863
8.655650,0.010006663,-0.013101978,0.039039582,0.516411163810,0.101780586706,-0.168234302853,0.833461121712,-3.230328
8.722220,0.010037071,-0.012519173,0.039316445,0.514974697366,0.102451332448,-0.166800076954,0.834555282699,-3.244886
8.755461,0.010004507,-0.012237713,0.039597558,0.514946613867,0.102618909136,-0.166774306715,0.834557172981,-3.217896
8.822142,0.009814027,-0.011922889,0.039627516,0.513758912641,0.103830845488,-0.168281662794,0.834836641011,-3.143290
8.855644,0.009786770,-0.012008012,0.039570918,0.512635248918,0.103968818081,-0.169187984398,0.835326889529,-3.121560
8.922251,0.009725403,-0.012079585,0.039766441,0.512153528106,0.104371565932,-0.170894112211,0.835224845347,-3.421798
8.988923,0.009888355,-0.011520667,0.040531745,0.510866982382,0.103362253925,-0.168661884932,0.836590903218,-3.392397
9.022315,0.009943084,-0.011627408,0.040592540,0.509841921917,0.103070323848,-0.168685052063,0.837247320813,-3.580875
9.088960,0.009769796,-0.011525183,0.040732332,0.508275974575,0.103541734004,-0.170406959462,0.837792403377,-3.628727
9.155846,0.009742226,-0.010750440,0.041611812,0.506531430570,0.103241839224,-0.169359494470,0.839097368672,-3.265377
9.189102,0.009647661,-0.010879319,0.041782630,0.504701450892,0.103147274726,-0.170859237069,0.839907260531,-3.166944
9.255813,0.009783292,-0.010429527,0.042942958,0.502993694268,0.101831372862,-0.170050338049,0.841255370002,-2.993498
9.322483,0.009932281,-0.010721394,0.043376281,0.499422161562,0.100686699935,-0.171012942823,0.843323346282,-2.786325
9.389142,0.009802648,-0.010517179,0.043314211,0.497508655108,0.101538533657,-0.172614199105,0.844025712015,-2.117119
9.455970,0.009609707,-0.010771264,0.043127297,0.493822369929,0.102391143685,-0.175659303592,0.845458059110,-2.104251
9.522650,0.009890692,-0.010671201,0.044072859,0.492327009394,0.100053729588,-0.174333920519,0.846883139030,-3.801857
9.556013,0.010187655,-0.010284023,0.044594860,0.489279938638,0.097973295893,-0.171214281128,0.849524599336,-4.318807
9.622688,0.010926615,-0.009626079,0.045141745,0.479718730772,0.092346528672,-0.163649831742,0.857065219548,-3.148347
9.656046,0.011286279,-0.009253125,0.044529789,0.476363074558,0.090984443308,-0.160244910828,0.859721827585,0.101883
9.722809,0.011617671,-0.009228381,0.042378354,0.473637169484,0.090633618863,-0.157844705778,0.861706694689,1.878580
9.789692,0.011539743,-0.011100534,0.040021819,0.478343007831,0.090881038373,-0.161882629312,0.858325473262,2.523811
9.822899,0.011800456,-0.012431807,0.039618414,0.481598995571,0.088880091491,-0.162341546712,0.856625915445,2.595139
9.889629,0.012617211,-0.015405126,0.039786013,0.488697865051,0.083579417793,-0.162878670727,0.853029551797,1.955563
9.956302,0.013200809,-0.018599589,0.040016259,0.498153644465,0.078863483054,-0.166239502756,0.847341681537,1.216802
10.023113,0.013929365,-0.020427386,0.040525382,0.503302710718,0.072494331953,-0.161108503104,0.845857555056,1.328660
10.056336,0.013797635,-0.021215233,0.039540895,0.505560943409,0.072681515872,-0.162595008826,0.844208737727,1.468254
10.122989,0.013835231,-0.021448063,0.038227304,0.507057963462,0.071229643510,-0.156832153557,0.844524857648,1.911506
10.156444,0.013468607,-0.021909914,0.036973783,0.507015290929,0.072739386946,-0.159076554937,0.844001851906,2.210027
10.223283,0.013480312,-0.022624736,0.036441326,0.508912675796,0.070683317832,-0.155731338732,0.843658406662,2.068936
10.290425,0.013614307,-0.023443779,0.036909871,0.513255914343,0.067719387353,-0.154195113913,0.841549949684,1.819135
10.356586,0.013721693,-0.025008960,0.036147828,0.514141986953,0.065241508454,-0.153952915480,0.841249108553,1.748657
10.423233,0.013645813,-0.025909299,0.035575169,0.515319172091,0.062529633895,-0.153378684142,0.840839565560,1.620070
10.490360,0.013487232,-0.026682646,0.034825683,0.515952020574,0.060036663897,-0.152103190831,0.840864870709,1.699946
10.556688,0.013307062,-0.028569805,0.032937015,0.515269131377,0.058703159171,-0.154113190244,0.841011763262,1.647636
10.623437,0.013361544,-0.029919254,0.032556748,0.518680625485,0.055503956267,-0.153125029780,0.839310696250,0.123138
10.690260,0.013365664,-0.031217893,0.032063939,0.520067326473,0.052628572134,-0.153199355870,0.838623972166,-0.507129
10.723590,0.013360370,-0.031925985,0.031777841,0.520593584026,0.051362971464,-0.153387125663,0.838341550392,-0.383443
10.790513,0.013458758,-0.033613362,0.031335972,0.520979794920,0.048504623480,-0.154210186848,0.838120858265,-0.212399
10.857330,0.013511591,-0.034954798,0.030869834,0.521416279162,0.046779674460,-0.154908196484,0.837818701477,-0.724254
10.923727,0.013488320,-0.035581060,0.030553535,0.521083543901,0.045707941799,-0.154496629479,0.838160793531,0.061813
10.990276,0.013530185,-0.036310331,0.030179602,0.521724359598,0.044481798090,-0.153471334677,0.838016474583,-0.832422
11.023743,0.013448147,-0.036900990,0.029804842,0.522194135183,0.044446417833,-0.155372641840,0.837375150867,-0.261063
11.090368,0.013278556,-0.037678506,0.028832705,0.521250755782,0.045102753445,-0.157023624902,0.837619825727,-1.030038
11.157276,0.013334869,-0.037803063,0.029098546,0.522934907718,0.043085323289,-0.153981992831,0.837240875191,-1.438967
11.190550,0.013447585,-0.037872284,0.029684880,0.524202317170,0.040915919174,-0.151522119162,0.837005893430,-1.810396
11.257243,0.013285490,-0.038692341,0.029101134,0.524794368579,0.040812283233,-0.152931192252,0.836383451942,-2.836745
11.290570,0.013435809,-0.038992331,0.029357032,0.526247410282,0.038801885650,-0.150534030511,0.836000946470,-3.387468
11.357305,0.013359224,-0.039545985,0.029154456,0.528176902310,0.037108732403,-0.149452880479,0.835054452334,-2.830425
11.423954,0.013259385,-0.040303785,0.028606221,0.527209092229,0.035644212629,-0.149206443047,0.835773594061,-3.562074
11.490670,0.013309231,-0.041270526,0.028678678,0.529391538245,0.032749582748,-0.147639031984,0.834790261263,-3.612588
11.523994,0.013266892,-0.041522665,0.028949366,0.531571390104,0.031581841985,-0.147406778644,0.833490063582,-3.632833
11.590858,0.013252060,-0.042482347,0.028653944,0.532800819867,0.029510726315,-0.146107043352,0.833009684976,-3.650651
11.657628,0.013101031,-0.042602453,0.028598877,0.533994325231,0.027829782825,-0.143651050938,0.832730412182,-3.636928
11.690832,0.013021458,-0.043162526,0.028218712,0.533398855441,0.026818056891,-0.143596970075,0.833154465285,-3.611802
11.757626,0.012892621,-0.043552425,0.027814374,0.535267242462,0.025722962867,-0.141846874262,0.832290077191,-3.733801
11.824361,0.012834410,-0.044640109,0.027773545,0.536097284377,0.022205283522,-0.140695738246,0.832052484106,-3.508706
11.857788,0.012791753,-0.044558020,0.028239620,0.538002273774,0.020553181591,-0.138782441663,0.831186233059,-3.808192
11.924450,0.012611203,-0.045661481,0.027263439,0.537724604941,0.018919149371,-0.138074482005,0.831522550775,-3.527173
11.991121,0.012393963,-0.045972634,0.026577496,0.539036338586,0.017634156553,-0.137551636481,0.830787824603,-3.375209
12.024623,0.012257179,-0.046041366,0.025824703,0.538721582267,0.017970679006,-0.137169528754,0.831047911902,-3.119351
12.091178,0.011972187,-0.046558729,0.024332219,0.539120876023,0.017988214804,-0.139559252827,0.830390462442,-3.215405
12.157871,0.011505382,-0.046058396,0.021914262,0.538646053085,0.020369843981,-0.138666301798,0.830793088379,-3.173620
12.224581,0.010931288,-0.044587163,0.018789121,0.535704559844,0.024684375651,-0.137242648781,0.832811960479,-2.858246
12.258047,0.010664795,-0.043899227,0.017972203,0.534438350798,0.025186315626,-0.136273954942,0.833768977539,-3.019418
12.324667,0.010128541,-0.042960344,0.015729618,0.531840554917,0.028357873953,-0.135789649687,0.835405665631,-2.722285
12.391411,0.009763215,-0.042919198,0.014214384,0.531566308779,0.029550750136,-0.135847534823,0.835529448805,-2.747479
12.424697,0.009631367,-0.042642132,0.013781432,0.530876605925,0.029504459298,-0.134875720734,0.836126818204,-2.739937
12.491506,0.009283980,-0.041746156,0.012578249,0.530310744504,0.030572979526,-0.132932438785,0.836758491983,-2.743486
12.558479,0.008963967,-0.041272249,0.010812354,0.527608990604,0.031708763040,-0.131349626071,0.838671916253,-2.739118
12.591547,0.008803192,-0.041022724,0.010127902,0.526738660175,0.032164071974,-0.131408285729,0.839192301438,-2.750191
12.658187,0.008488570,-0.040791223,0.008930721,0.526820708096,0.032420573002,-0.131491163570,0.839117942765,-2.952279
12.725782,0.008268648,-0.040075228,0.008082002,0.526537945185,0.032279812286,-0.128310389406,0.839792980424,-2.947337
12.791599,0.007972257,-0.040751952,0.006118149,0.524978106834,0.033053498771,-0.131044857332,0.840317022873,-2.749142
12.858316,0.007781965,-0.040832983,0.005448931,0.525217617470,0.032452639200,-0.131389112532,0.840137001694,-2.957884
12.925030,0.007654488,-0.040463433,0.005245072,0.525696820080,0.031425488620,-0.128720653019,0.840289405806,-3.026157
12.959188,0.007541840,-0.040489406,0.004800323,0.527495194737,0.031996627221,-0.129516506185,0.839017586229,-3.015731
13.025391,0.007400658,-0.040423365,0.004405834,0.527466700692,0.030857385208,-0.127720281908,0.839353460128,-2.955664
13.092044,0.007243143,-0.040340874,0.004482407,0.529337877951,0.029027249349,-0.126519617940,0.838422098968,-2.973359
13.158895,0.007170244,-0.039811022,0.005462523,0.532314367911,0.025739195547,-0.121352802460,0.837408147120,-2.996073
13.192254,0.007030287,-0.040211029,0.004589630,0.532526332911,0.026671813714,-0.123341709222,0.836953488478,-2.707983
13.258900,0.006895177,-0.039852208,0.005302525,0.535781116056,0.023561548034,-0.118935961728,0.835606178854,-2.559024
13.292858,0.006785769,-0.039795547,0.005678163,0.536311531929,0.021466817905,-0.116714013523,0.835635659541,-2.553239
13.359046,0.006560072,-0.039640781,0.005904927,0.539440161432,0.019006248246,-0.113874587718,0.834071731348,-2.535614
13.425749,0.006319386,-0.039175668,0.006625940,0.541882247466,0.015484283931,-0.108882072962,0.833227796596,-2.546518
13.459017,0.006192746,-0.040033236,0.005546887,0.540689074028,0.015823107354,-0.111982960182,0.833585491194,-2.531796
13.526368,0.006218266,-0.040018648,0.006752427,0.544315211284,0.011780450243,-0.107947762020,0.831822969406,-2.462704
13.676113,0.007040788,-0.043448694,0.006516868,0.545834230715,0.010980063579,-0.115441646421,0.829829896458,-0.649870
13.709326,0.007359366,-0.044124831,0.007108322,0.548315487669,0.010851499594,-0.117791160955,0.827863281792,-0.168906
13.776036,0.007857178,-0.044870920,0.008869263,0.554284598514,0.010379185069,-0.126532667048,0.822587588368,1.358468
13.842884,0.008895547,-0.044883147,0.011374189,0.556551554521,0.015911492755,-0.127750993762,0.820778213131,2.318290
14.009545,0.008051421,-0.042252133,0.012947447,0.554256278376,0.010647163278,-0.147203321524,0.819156760289,2.164995
14.043426,0.008342102,-0.041802422,0.014160102,0.553485514098,0.010920645624,-0.147159632843,0.819681991778,2.076207
14.343313,0.009718401,-0.041745933,0.013718833,0.547655220694,0.026801870805,-0.131045044311,0.825943469815,1.698324
14.376711,0.008802205,-0.039936001,0.013449024,0.547299116932,0.023099416508,-0.142881214109,0.824327029896,1.682965
14.443210,0.008907819,-0.038807662,0.013697544,0.544764088289,0.027741931904,-0.140770318894,0.826224055958,1.422639
14.610141,0.008886286,-0.038335036,0.013564564,0.542890550288,0.030475162001,-0.142327943714,0.827093629130,1.010873
14.776714,0.008915998,-0.038019875,0.014223542,0.541778390053,0.031228833447,-0.143135324325,0.827655251275,0.439573
14.843454,0.009201959,-0.037714950,0.014454895,0.541011826668,0.036144930058,-0.139644990248,0.828552366562,0.450521
14.876892,0.009331413,-0.037695599,0.015346677,0.542100050689,0.034552870457,-0.139628889337,0.827911473195,0.450006
14.993180,0.009406531,-0.037989568,0.015757312,0.542699088838,0.033859753396,-0.139387141487,0.827588328134,-0.188685
15.060117,0.009504986,-0.037733098,0.017026760,0.544113031177,0.031786986115,-0.136804998772,0.827172889502,-1.002517
15.093519,0.009566424,-0.037131136,0.017503847,0.544374499553,0.031438059327,-0.134104513745,0.827456362629,-0.640180
15.160232,0.009367092,-0.036768726,0.017633784,0.544248047694,0.032321515139,-0.135205643866,0.827326305702,-0.428129
15.226922,0.009440738,-0.037638392,0.017590345,0.544304931175,0.031392969744,-0.136643367535,0.827088395190,-0.438847
15.293404,0.009386171,-0.037496857,0.017782991,0.545038554926,0.031445593311,-0.136741647500,0.826586879973,-1.334113
15.360386,0.009462673,-0.037374497,0.018007403,0.545012529207,0.030555982728,-0.135061404734,0.826913593962,-1.762061
15.427092,0.009497937,-0.037378329,0.018102668,0.542679239089,0.029591332110,-0.133939308688,0.828663899367,-2.738574
15.460461,0.009506109,-0.037307774,0.018434062,0.543988706093,0.029446646832,-0.133997639647,0.827800589033,-3.035697
15.526992,0.009535639,-0.037513359,0.018872796,0.544359331007,0.028399952307,-0.134384244629,0.827530806828,-3.104293
15.593663,0.009568240,-0.037867013,0.018643504,0.544003950327,0.028265762733,-0.135343309843,0.827612794226,-2.274438
15.660268,0.009610823,-0.037677255,0.018623379,0.543865734474,0.028206829067,-0.134258653189,0.827882269229,-3.076321
15.727267,0.009690167,-0.037819858,0.018305735,0.543026107526,0.028281385958,-0.134047456460,0.828464899178,-3.113450
15.760417,0.009547141,-0.037901935,0.018032285,0.543732598532,0.029579263731,-0.136382159594,0.827574670344,-3.513300
15.827286,0.009588790,-0.037501835,0.018390229,0.544744860327,0.029192385880,-0.134417988234,0.827244006441,-3.033801
15.893956,0.009569459,-0.037897179,0.018558148,0.544200672455,0.028353122101,-0.135364135834,0.827477056658,-3.592739
15.927202,0.009561925,-0.037787636,0.018705548,0.544319875814,0.028332581579,-0.135208001916,0.827424881082,-3.603895
15.993833,0.009653333,-0.038245354,0.018558610,0.543189222152,0.027635974407,-0.135383288464,0.828162476245,-3.855696
16.060957,0.009608695,-0.038394235,0.018374033,0.543001039653,0.028052829226,-0.136714277415,0.828053208471,-3.809728
16.094294,0.009717173,-0.038126327,0.018623949,0.543379499242,0.027643480060,-0.134409379376,0.828196037511,-3.872333
16.194486,0.009683662,-0.038291724,0.018345004,0.543678627481,0.027937064040,-0.135676195194,0.827783208655,-5.097751
16.294431,0.009629897,-0.038499101,0.018446753,0.544182869632,0.027771438071,-0.136621505630,0.827301828733,-4.546929
16.361120,0.009614620,-0.038222720,0.019056992,0.545490491924,0.027293966989,-0.135818347744,0.826588494357,-4.229430
16.427734,0.009680361,-0.038631264,0.018621591,0.543979870995,0.027058416453,-0.136293982161,0.827512956079,-5.315495
16.494458,0.009561328,-0.038135259,0.018363705,0.544152496704,0.028551436758,-0.136584833237,0.827301310962,-6.253437
16.594636,0.009560636,-0.037906091,0.018654484,0.544396652888,0.028104114106,-0.135359718333,0.827357353111,-6.336693
